consumption_log_cycle,cpi_log_cycle,gdp_log_cycle,interest_rate_cycle,investment_log_cycle,real_wages_log_cycle,hours_log_cycle,tfp_proxy_log_cycle,inflation_yoy_cycle
1,NaN,NaN,NaN,NaN,NaN,NaN,NaN,NaN
0.178493757857491,1,NaN,NaN,NaN,NaN,NaN,NaN,NaN
0.749919547273079,0.0488406374561989,1,NaN,NaN,NaN,NaN,NaN,NaN
0.217106396150139,0.261061750734585,0.286307191005622,1,NaN,NaN,NaN,NaN,NaN
0.314220538087108,-0.208563148608059,0.468184563733929,0.400995847615088,1,NaN,NaN,NaN,NaN
0.339227133325064,-0.327654545167165,0.468769416416808,0.589369106905393,0.635828209618244,1,NaN,NaN,NaN
0.652119639660216,0.0643245308624602,0.682384439554295,0.587387085976629,0.604897965627911,0.768092573185384,1,NaN,NaN
0.0613245620613783,-0.0242883841849008,0.324048401941029,-0.41456304829488,-0.21766666366409,-0.428164587106309,-0.470423858044556,1,NaN
0.229261681513897,0.616408524082779,0.178614554961743,0.229312889914043,0.124848457447761,-0.0382714765757672,0.237559635550048,-0.0918261314528746,1
