rho,rho_se,std_omega
0.94714985257726,0.0248761597822612,2.64257900636167
